<?xml version="1.0" encoding="UTF-8"?>
<ttFont sfntVersion="\x00\x01\x00\x00" ttLibVersion="3.33">

  <GlyphOrder>
    <!-- The 'id' attribute is only for humans; it is ignored when parsed. -->
    <GlyphID id="0" name="glyph00000"/>
    <GlyphID id="1" name="x"/>
    <GlyphID id="2" name="uniF0A2"/>
    <GlyphID id="3" name="uniE9F8"/>
    <GlyphID id="4" name="uniF109"/>
    <GlyphID id="5" name="uniF23E"/>
    <GlyphID id="6" name="uniF65B"/>
    <GlyphID id="7" name="uniEDE8"/>
    <GlyphID id="8" name="uniED0F"/>
    <GlyphID id="9" name="uniEA48"/>
    <GlyphID id="10" name="uniF62E"/>
    <GlyphID id="11" name="uniF7C1"/>
  </GlyphOrder>

  <head>
    <!-- Most of this table will be recalculated by the compiler -->
    <tableVersion value="1.0"/>
    <fontRevision value="1.0"/>
    <checkSumAdjustment value="0xccb3c62b"/>
    <magicNumber value="0x5f0f3cf5"/>
    <flags value="00000000 00001011"/>
    <unitsPerEm value="1024"/>
    <created value="Tue Dec 11 11:49:32 2018"/>
    <modified value="Tue Dec 11 11:49:32 2018"/>
    <xMin value="0"/>
    <yMin value="-20"/>
    <xMax value="1024"/>
    <yMax value="719"/>
    <macStyle value="00000000 00000000"/>
    <lowestRecPPEM value="8"/>
    <fontDirectionHint value="2"/>
    <indexToLocFormat value="0"/>
    <glyphDataFormat value="0"/>
  </head>

  <hhea>
    <tableVersion value="0x00010000"/>
    <ascent value="812"/>
    <descent value="-212"/>
    <lineGap value="92"/>
    <advanceWidthMax value="1024"/>
    <minLeftSideBearing value="0"/>
    <minRightSideBearing value="0"/>
    <xMaxExtent value="1024"/>
    <caretSlopeRise value="1"/>
    <caretSlopeRun value="0"/>
    <caretOffset value="0"/>
    <reserved0 value="0"/>
    <reserved1 value="0"/>
    <reserved2 value="0"/>
    <reserved3 value="0"/>
    <metricDataFormat value="0"/>
    <numberOfHMetrics value="12"/>
  </hhea>

  <maxp>
    <!-- Most of this table will be recalculated by the compiler -->
    <tableVersion value="0x10000"/>
    <numGlyphs value="12"/>
    <maxPoints value="48"/>
    <maxContours value="3"/>
    <maxCompositePoints value="0"/>
    <maxCompositeContours value="0"/>
    <maxZones value="2"/>
    <maxTwilightPoints value="0"/>
    <maxStorage value="10"/>
    <maxFunctionDefs value="10"/>
    <maxInstructionDefs value="0"/>
    <maxStackElements value="255"/>
    <maxSizeOfInstructions value="0"/>
    <maxComponentElements value="0"/>
    <maxComponentDepth value="0"/>
  </maxp>

  <OS_2>
    <!-- The fields 'usFirstCharIndex' and 'usLastCharIndex'
         will be recalculated by the compiler -->
    <version value="1"/>
    <xAvgCharWidth value="557"/>
    <usWeightClass value="400"/>
    <usWidthClass value="5"/>
    <fsType value="00000000 00001000"/>
    <ySubscriptXSize value="649"/>
    <ySubscriptYSize value="716"/>
    <ySubscriptXOffset value="0"/>
    <ySubscriptYOffset value="143"/>
    <ySuperscriptXSize value="649"/>
    <ySuperscriptYSize value="716"/>
    <ySuperscriptXOffset value="0"/>
    <ySuperscriptYOffset value="491"/>
    <yStrikeoutSize value="50"/>
    <yStrikeoutPosition value="264"/>
    <sFamilyClass value="0"/>
    <panose>
      <bFamilyType value="2"/>
      <bSerifStyle value="0"/>
      <bWeight value="5"/>
      <bProportion value="3"/>
      <bContrast value="0"/>
      <bStrokeVariation value="0"/>
      <bArmStyle value="0"/>
      <bLetterForm value="0"/>
      <bMidline value="0"/>
      <bXHeight value="0"/>
    </panose>
    <ulUnicodeRange1 value="00000000 00000000 00000000 00000000"/>
    <ulUnicodeRange2 value="00000000 00000000 00000000 00000000"/>
    <ulUnicodeRange3 value="00000000 00000000 00000000 00000000"/>
    <ulUnicodeRange4 value="00000000 00000000 00000000 00000000"/>
    <achVendID value="PfEd"/>
    <fsSelection value="00000000 01000000"/>
    <usFirstCharIndex value="120"/>
    <usLastCharIndex value="63425"/>
    <sTypoAscender value="812"/>
    <sTypoDescender value="-212"/>
    <sTypoLineGap value="92"/>
    <usWinAscent value="812"/>
    <usWinDescent value="212"/>
    <ulCodePageRange1 value="00000000 00000000 00000000 00000001"/>
    <ulCodePageRange2 value="00000000 00000000 00000000 00000000"/>
  </OS_2>

  <hmtx>
    <mtx name="glyph00000" width="1024" lsb="0"/>
    <mtx name="uniE9F8" width="556" lsb="0"/>
    <mtx name="uniEA48" width="556" lsb="0"/>
    <mtx name="uniED0F" width="556" lsb="0"/>
    <mtx name="uniEDE8" width="556" lsb="0"/>
    <mtx name="uniF0A2" width="556" lsb="0"/>
    <mtx name="uniF109" width="556" lsb="0"/>
    <mtx name="uniF23E" width="556" lsb="0"/>
    <mtx name="uniF62E" width="556" lsb="0"/>
    <mtx name="uniF65B" width="556" lsb="0"/>
    <mtx name="uniF7C1" width="556" lsb="0"/>
    <mtx name="x" width="100" lsb="0"/>
  </hmtx>

  <cmap>
    <tableVersion version="0"/>
    <cmap_format_4 platformID="0" platEncID="3" language="0">
      <map code="0x78" name="x"/><!-- LATIN SMALL LETTER X -->
      <map code="0xe9f8" name="uniE9F8"/><!-- ???? -->
      <map code="0xea48" name="uniEA48"/><!-- ???? -->
      <map code="0xed0f" name="uniED0F"/><!-- ???? -->
      <map code="0xede8" name="uniEDE8"/><!-- ???? -->
      <map code="0xf0a2" name="uniF0A2"/><!-- ???? -->
      <map code="0xf109" name="uniF109"/><!-- ???? -->
      <map code="0xf23e" name="uniF23E"/><!-- ???? -->
      <map code="0xf62e" name="uniF62E"/><!-- ???? -->
      <map code="0xf65b" name="uniF65B"/><!-- ???? -->
      <map code="0xf7c1" name="uniF7C1"/><!-- ???? -->
    </cmap_format_4>
    <cmap_format_12 platformID="0" platEncID="4" format="12" reserved="0" length="148" language="0" nGroups="11">
      <map code="0x78" name="x"/><!-- LATIN SMALL LETTER X -->
      <map code="0xe9f8" name="uniE9F8"/><!-- ???? -->
      <map code="0xea48" name="uniEA48"/><!-- ???? -->
      <map code="0xed0f" name="uniED0F"/><!-- ???? -->
      <map code="0xede8" name="uniEDE8"/><!-- ???? -->
      <map code="0xf0a2" name="uniF0A2"/><!-- ???? -->
      <map code="0xf109" name="uniF109"/><!-- ???? -->
      <map code="0xf23e" name="uniF23E"/><!-- ???? -->
      <map code="0xf62e" name="uniF62E"/><!-- ???? -->
      <map code="0xf65b" name="uniF65B"/><!-- ???? -->
      <map code="0xf7c1" name="uniF7C1"/><!-- ???? -->
    </cmap_format_12>
    <cmap_format_0 platformID="1" platEncID="0" language="0">
      <map code="0x78" name="x"/>
    </cmap_format_0>
    <cmap_format_4 platformID="3" platEncID="1" language="0">
      <map code="0x78" name="x"/><!-- LATIN SMALL LETTER X -->
      <map code="0xe9f8" name="uniE9F8"/><!-- ???? -->
      <map code="0xea48" name="uniEA48"/><!-- ???? -->
      <map code="0xed0f" name="uniED0F"/><!-- ???? -->
      <map code="0xede8" name="uniEDE8"/><!-- ???? -->
      <map code="0xf0a2" name="uniF0A2"/><!-- ???? -->
      <map code="0xf109" name="uniF109"/><!-- ???? -->
      <map code="0xf23e" name="uniF23E"/><!-- ???? -->
      <map code="0xf62e" name="uniF62E"/><!-- ???? -->
      <map code="0xf65b" name="uniF65B"/><!-- ???? -->
      <map code="0xf7c1" name="uniF7C1"/><!-- ???? -->
    </cmap_format_4>
    <cmap_format_12 platformID="3" platEncID="10" format="12" reserved="0" length="148" language="0" nGroups="11">
      <map code="0x78" name="x"/><!-- LATIN SMALL LETTER X -->
      <map code="0xe9f8" name="uniE9F8"/><!-- ???? -->
      <map code="0xea48" name="uniEA48"/><!-- ???? -->
      <map code="0xed0f" name="uniED0F"/><!-- ???? -->
      <map code="0xede8" name="uniEDE8"/><!-- ???? -->
      <map code="0xf0a2" name="uniF0A2"/><!-- ???? -->
      <map code="0xf109" name="uniF109"/><!-- ???? -->
      <map code="0xf23e" name="uniF23E"/><!-- ???? -->
      <map code="0xf62e" name="uniF62E"/><!-- ???? -->
      <map code="0xf65b" name="uniF65B"/><!-- ???? -->
      <map code="0xf7c1" name="uniF7C1"/><!-- ???? -->
    </cmap_format_12>
  </cmap>

  <loca>
    <!-- The 'loca' table will be calculated by the compiler -->
  </loca>

  <glyf>

    <!-- The xMin, yMin, xMax and yMax values
         will be recalculated by the compiler. -->

    <TTGlyph name="glyph00000"/><!-- contains no outline data -->

    <TTGlyph name="uniE9F8" xMin="0" yMin="0" xMax="508" yMax="716">
      <contour>
        <pt x="323" y="0" on="1"/>
        <pt x="323" y="171" on="1"/>
        <pt x="13" y="171" on="1"/>
        <pt x="13" y="252" on="1"/>
        <pt x="339" y="716" on="1"/>
        <pt x="411" y="716" on="1"/>
        <pt x="411" y="252" on="1"/>
        <pt x="508" y="252" on="1"/>
        <pt x="508" y="171" on="1"/>
        <pt x="411" y="171" on="1"/>
        <pt x="411" y="0" on="1"/>
      </contour>
      <contour>
        <pt x="323" y="252" on="1"/>
        <pt x="323" y="575" on="1"/>
        <pt x="99" y="252" on="1"/>
      </contour>
      <instructions/>
    </TTGlyph>

    <TTGlyph name="uniEA48" xMin="0" yMin="-12" xMax="508" yMax="719">
      <contour>
        <pt x="42" y="353" on="1"/>
        <pt x="42" y="483" on="0"/>
        <pt x="67" y="557" on="1"/>
        <pt x="93" y="635" on="0"/>
        <pt x="197" y="719" on="0"/>
        <pt x="275" y="719" on="1"/>
        <pt x="389" y="719" on="0"/>
        <pt x="448" y="628" on="1"/>
        <pt x="476" y="586" on="0"/>
        <pt x="492" y="522" on="1"/>
        <pt x="508" y="462" on="0"/>
        <pt x="508" y="353" on="1"/>
        <pt x="508" y="290" on="0"/>
        <pt x="496" y="188" on="0"/>
        <pt x="482" y="149" on="1"/>
        <pt x="455" y="71" on="0"/>
        <pt x="354" y="-12" on="0"/>
        <pt x="275" y="-12" on="1"/>
        <pt x="172" y="-12" on="0"/>
        <pt x="112" y="62" on="1"/>
        <pt x="42" y="150" on="0"/>
      </contour>
      <contour>
        <pt x="132" y="353" on="1"/>
        <pt x="132" y="176" on="0"/>
        <pt x="213" y="60" on="0"/>
        <pt x="335" y="60" on="0"/>
        <pt x="418" y="177" on="0"/>
        <pt x="418" y="529" on="0"/>
        <pt x="376" y="588" on="1"/>
        <pt x="336" y="646" on="0"/>
        <pt x="213" y="646" on="0"/>
        <pt x="177" y="595" on="1"/>
        <pt x="132" y="529" on="0"/>
      </contour>
      <instructions/>
    </TTGlyph>

    <TTGlyph name="uniED0F" xMin="0" yMin="-13" xMax="511" yMax="719">
      <contour>
        <pt x="130" y="201" on="1"/>
        <pt x="145" y="126" on="0"/>
        <pt x="216" y="60" on="0"/>
        <pt x="270" y="60" on="1"/>
        <pt x="332" y="60" on="0"/>
        <pt x="417" y="146" on="0"/>
        <pt x="417" y="270" on="0"/>
        <pt x="378" y="309" on="1"/>
        <pt x="337" y="349" on="0"/>
        <pt x="277" y="349" on="1"/>
        <pt x="251" y="349" on="0"/>
        <pt x="215" y="339" on="1"/>
        <pt x="225" y="416" on="1"/>
        <pt x="239" y="415" on="1"/>
        <pt x="296" y="415" on="0"/>
        <pt x="385" y="474" on="0"/>
        <pt x="385" y="535" on="1"/>
        <pt x="385" y="583" on="0"/>
        <pt x="322" y="646" on="0"/>
        <pt x="268" y="646" on="1"/>
        <pt x="217" y="646" on="0"/>
        <pt x="149" y="584" on="0"/>
        <pt x="139" y="518" on="1"/>
        <pt x="51" y="533" on="1"/>
        <pt x="67" y="623" on="0"/>
        <pt x="124" y="670" on="1"/>
        <pt x="182" y="719" on="0"/>
        <pt x="266" y="719" on="1"/>
        <pt x="324" y="719" on="0"/>
        <pt x="374" y="693" on="1"/>
        <pt x="423" y="669" on="0"/>
        <pt x="476" y="581" on="0"/>
        <pt x="476" y="485" on="0"/>
        <pt x="426" y="410" on="0"/>
        <pt x="377" y="388" on="1"/>
        <pt x="440" y="373" on="0"/>
        <pt x="511" y="281" on="0"/>
        <pt x="511" y="211" on="1"/>
        <pt x="511" y="118" on="0"/>
        <pt x="374" y="-13" on="0"/>
        <pt x="270" y="-13" on="1"/>
        <pt x="175" y="-13" on="0"/>
        <pt x="51" y="99" on="0"/>
        <pt x="42" y="189" on="1"/>
      </contour>
      <instructions/>
    </TTGlyph>

    <TTGlyph name="uniEDE8" xMin="0" yMin="0" xMax="503" yMax="719">
      <contour>
        <pt x="503" y="84" on="1"/>
        <pt x="503" y="0" on="1"/>
        <pt x="30" y="0" on="1"/>
        <pt x="30" y="31" on="0"/>
        <pt x="41" y="61" on="1"/>
        <pt x="51" y="86" on="0"/>
        <pt x="78" y="133" on="0"/>
        <pt x="118" y="180" on="0"/>
        <pt x="175" y="233" on="0"/>
        <pt x="213" y="265" on="1"/>
        <pt x="271" y="313" on="0"/>
        <pt x="350" y="387" on="0"/>
        <pt x="371" y="416" on="1"/>
        <pt x="412" y="472" on="0"/>
        <pt x="412" y="573" on="0"/>
        <pt x="337" y="646" on="0"/>
        <pt x="277" y="646" on="1"/>
        <pt x="214" y="646" on="0"/>
        <pt x="138" y="572" on="0"/>
        <pt x="137" y="502" on="1"/>
        <pt x="47" y="512" on="1"/>
        <pt x="56" y="614" on="0"/>
        <pt x="176" y="719" on="0"/>
        <pt x="382" y="719" on="0"/>
        <pt x="502" y="605" on="0"/>
        <pt x="502" y="520" on="1"/>
        <pt x="502" y="475" on="0"/>
        <pt x="469" y="398" on="0"/>
        <pt x="426" y="348" on="1"/>
        <pt x="406" y="325" on="0"/>
        <pt x="339" y="262" on="0"/>
        <pt x="291" y="222" on="1"/>
        <pt x="251" y="189" on="0"/>
        <pt x="201" y="144" on="0"/>
        <pt x="178" y="120" on="0"/>
        <pt x="160" y="97" on="0"/>
        <pt x="152" y="84" on="1"/>
      </contour>
      <instructions/>
    </TTGlyph>

    <TTGlyph name="uniF0A2" xMin="0" yMin="0" xMax="511" yMax="707">
      <contour>
        <pt x="47" y="622" on="1"/>
        <pt x="47" y="707" on="1"/>
        <pt x="511" y="707" on="1"/>
        <pt x="511" y="638" on="1"/>
        <pt x="476" y="602" on="0"/>
        <pt x="409" y="505" on="0"/>
        <pt x="341" y="384" on="0"/>
        <pt x="290" y="261" on="0"/>
        <pt x="271" y="197" on="1"/>
        <pt x="246" y="107" on="0"/>
        <pt x="238" y="0" on="1"/>
        <pt x="147" y="0" on="1"/>
        <pt x="148" y="42" on="0"/>
        <pt x="165" y="144" on="0"/>
        <pt x="181" y="204" on="1"/>
        <pt x="212" y="324" on="0"/>
        <pt x="271" y="435" on="1"/>
        <pt x="301" y="492" on="0"/>
        <pt x="365" y="584" on="0"/>
        <pt x="398" y="622" on="1"/>
      </contour>
      <instructions/>
    </TTGlyph>

    <TTGlyph name="uniF109" xMin="0" yMin="-12" xMax="510" yMax="719">
      <contour>
        <pt x="410" y="534" on="1"/>
        <pt x="398" y="586" on="0"/>
        <pt x="377" y="609" on="1"/>
        <pt x="341" y="646" on="0"/>
        <pt x="289" y="646" on="1"/>
        <pt x="247" y="646" on="0"/>
        <pt x="215" y="623" on="1"/>
        <pt x="173" y="592" on="0"/>
        <pt x="150" y="535" on="1"/>
        <pt x="138" y="506" on="0"/>
        <pt x="125" y="423" on="0"/>
        <pt x="125" y="369" on="1"/>
        <pt x="157" y="418" on="0"/>
        <pt x="248" y="464" on="0"/>
        <pt x="299" y="464" on="1"/>
        <pt x="386" y="464" on="0"/>
        <pt x="510" y="334" on="0"/>
        <pt x="510" y="232" on="1"/>
        <pt x="510" y="165" on="0"/>
        <pt x="452" y="49" on="0"/>
        <pt x="352" y="-12" on="0"/>
        <pt x="286" y="-12" on="1"/>
        <pt x="176" y="-12" on="0"/>
        <pt x="38" y="147" on="0"/>
        <pt x="38" y="335" on="1"/>
        <pt x="38" y="543" on="0"/>
        <pt x="114" y="637" on="1"/>
        <pt x="181" y="719" on="0"/>
        <pt x="294" y="719" on="1"/>
        <pt x="379" y="719" on="0"/>
        <pt x="433" y="671" on="1"/>
        <pt x="486" y="625" on="0"/>
        <pt x="498" y="541" on="1"/>
      </contour>
      <contour>
        <pt x="139" y="232" on="1"/>
        <pt x="139" y="188" on="0"/>
        <pt x="178" y="103" on="0"/>
        <pt x="247" y="60" on="0"/>
        <pt x="285" y="60" on="1"/>
        <pt x="339" y="60" on="0"/>
        <pt x="420" y="150" on="0"/>
        <pt x="420" y="227" on="1"/>
        <pt x="420" y="300" on="0"/>
        <pt x="341" y="387" on="0"/>
        <pt x="223" y="387" on="0"/>
        <pt x="139" y="301" on="0"/>
      </contour>
      <instructions/>
    </TTGlyph>

    <TTGlyph name="uniF23E" xMin="0" yMin="-12" xMax="512" yMax="719">
      <contour>
        <pt x="139" y="173" on="1"/>
        <pt x="150" y="113" on="0"/>
        <pt x="210" y="60" on="0"/>
        <pt x="258" y="60" on="1"/>
        <pt x="300" y="60" on="0"/>
        <pt x="359" y="97" on="0"/>
        <pt x="398" y="159" on="0"/>
        <pt x="412" y="212" on="1"/>
        <pt x="418" y="238" on="0"/>
        <pt x="425" y="292" on="0"/>
        <pt x="425" y="319" on="1"/>
        <pt x="425" y="327" on="1"/>
        <pt x="425" y="331" on="0"/>
        <pt x="424" y="337" on="1"/>
        <pt x="399" y="295" on="0"/>
        <pt x="352" y="269" on="1"/>
        <pt x="308" y="243" on="0"/>
        <pt x="253" y="243" on="1"/>
        <pt x="164" y="243" on="0"/>
        <pt x="42" y="371" on="0"/>
        <pt x="42" y="477" on="1"/>
        <pt x="42" y="586" on="0"/>
        <pt x="169" y="719" on="0"/>
        <pt x="267" y="719" on="1"/>
        <pt x="335" y="719" on="0"/>
        <pt x="452" y="644" on="0"/>
        <pt x="512" y="503" on="0"/>
        <pt x="512" y="373" on="1"/>
        <pt x="512" y="235" on="0"/>
        <pt x="453" y="73" on="0"/>
        <pt x="335" y="-12" on="0"/>
        <pt x="256" y="-12" on="1"/>
        <pt x="171" y="-12" on="0"/>
        <pt x="119" y="34" on="1"/>
        <pt x="65" y="81" on="0"/>
        <pt x="55" y="166" on="1"/>
      </contour>
      <contour>
        <pt x="415" y="481" on="1"/>
        <pt x="415" y="557" on="0"/>
        <pt x="333" y="646" on="0"/>
        <pt x="277" y="646" on="1"/>
        <pt x="218" y="646" on="0"/>
        <pt x="132" y="552" on="0"/>
        <pt x="132" y="474" on="1"/>
        <pt x="132" y="404" on="0"/>
        <pt x="173" y="363" on="1"/>
        <pt x="215" y="320" on="0"/>
        <pt x="336" y="320" on="0"/>
        <pt x="415" y="407" on="0"/>
      </contour>
      <instructions/>
    </TTGlyph>

    <TTGlyph name="uniF62E" xMin="0" yMin="0" xMax="373" yMax="719">
      <contour>
        <pt x="373" y="0" on="1"/>
        <pt x="285" y="0" on="1"/>
        <pt x="285" y="560" on="1"/>
        <pt x="253" y="530" on="0"/>
        <pt x="149" y="470" on="0"/>
        <pt x="109" y="454" on="1"/>
        <pt x="109" y="539" on="1"/>
        <pt x="182" y="573" on="0"/>
        <pt x="238" y="623" on="1"/>
        <pt x="265" y="648" on="0"/>
        <pt x="305" y="696" on="0"/>
        <pt x="316" y="719" on="1"/>
        <pt x="373" y="719" on="1"/>
      </contour>
      <instructions/>
    </TTGlyph>

    <TTGlyph name="uniF65B" xMin="0" yMin="-12" xMax="512" yMax="719">
      <contour>
        <pt x="177" y="388" on="1"/>
        <pt x="69" y="428" on="0"/>
        <pt x="69" y="534" on="1"/>
        <pt x="69" y="614" on="0"/>
        <pt x="181" y="719" on="0"/>
        <pt x="369" y="719" on="0"/>
        <pt x="483" y="608" on="0"/>
        <pt x="483" y="532" on="1"/>
        <pt x="483" y="428" on="0"/>
        <pt x="377" y="388" on="1"/>
        <pt x="443" y="366" on="0"/>
        <pt x="512" y="271" on="0"/>
        <pt x="512" y="205" on="1"/>
        <pt x="512" y="112" on="0"/>
        <pt x="382" y="-12" on="0"/>
        <pt x="170" y="-12" on="0"/>
        <pt x="105" y="50" on="1"/>
        <pt x="41" y="110" on="0"/>
        <pt x="41" y="207" on="1"/>
        <pt x="41" y="277" on="0"/>
        <pt x="111" y="371" on="0"/>
      </contour>
      <contour>
        <pt x="159" y="537" on="1"/>
        <pt x="159" y="485" on="0"/>
        <pt x="225" y="422" on="0"/>
        <pt x="277" y="422" on="1"/>
        <pt x="325" y="422" on="0"/>
        <pt x="360" y="454" on="1"/>
        <pt x="393" y="485" on="0"/>
        <pt x="393" y="579" on="0"/>
        <pt x="326" y="646" on="0"/>
        <pt x="224" y="646" on="0"/>
        <pt x="159" y="582" on="0"/>
      </contour>
      <contour>
        <pt x="131" y="207" on="1"/>
        <pt x="131" y="168" on="0"/>
        <pt x="165" y="99" on="0"/>
        <pt x="202" y="79" on="1"/>
        <pt x="236" y="60" on="0"/>
        <pt x="277" y="60" on="1"/>
        <pt x="309" y="60" on="0"/>
        <pt x="360" y="81" on="0"/>
        <pt x="381" y="101" on="1"/>
        <pt x="422" y="140" on="0"/>
        <pt x="422" y="268" on="0"/>
        <pt x="338" y="350" on="0"/>
        <pt x="212" y="350" on="0"/>
        <pt x="131" y="269" on="0"/>
      </contour>
      <instructions/>
    </TTGlyph>

    <TTGlyph name="uniF7C1" xMin="0" yMin="-12" xMax="516" yMax="706">
      <contour>
        <pt x="134" y="195" on="1"/>
        <pt x="144" y="126" on="0"/>
        <pt x="217" y="60" on="0"/>
        <pt x="271" y="60" on="1"/>
        <pt x="335" y="60" on="0"/>
        <pt x="423" y="158" on="0"/>
        <pt x="423" y="311" on="0"/>
        <pt x="337" y="397" on="0"/>
        <pt x="270" y="397" on="1"/>
        <pt x="227" y="397" on="0"/>
        <pt x="160" y="359" on="0"/>
        <pt x="140" y="328" on="1"/>
        <pt x="57" y="338" on="1"/>
        <pt x="126" y="706" on="1"/>
        <pt x="482" y="706" on="1"/>
        <pt x="482" y="622" on="1"/>
        <pt x="197" y="622" on="1"/>
        <pt x="158" y="430" on="1"/>
        <pt x="190" y="452" on="0"/>
        <pt x="258" y="475" on="0"/>
        <pt x="293" y="475" on="1"/>
        <pt x="387" y="475" on="0"/>
        <pt x="516" y="346" on="0"/>
        <pt x="516" y="243" on="1"/>
        <pt x="516" y="147" on="0"/>
        <pt x="459" y="75" on="1"/>
        <pt x="390" y="-12" on="0"/>
        <pt x="271" y="-12" on="1"/>
        <pt x="173" y="-12" on="0"/>
        <pt x="112" y="42" on="1"/>
        <pt x="50" y="98" on="0"/>
        <pt x="42" y="188" on="1"/>
      </contour>
      <instructions/>
    </TTGlyph>

    <TTGlyph name="x" xMin="0" yMin="-20" xMax="50" yMax="20">
      <contour>
        <pt x="20" y="20" on="1"/>
        <pt x="50" y="20" on="1"/>
        <pt x="50" y="-20" on="1"/>
      </contour>
      <instructions/>
    </TTGlyph>

  </glyf>

  <name>
    <namerecord nameID="0" platformID="1" platEncID="0" langID="0x0" unicode="True">
      
  Created by font-carrier
  
    </namerecord>
    <namerecord nameID="1" platformID="1" platEncID="0" langID="0x0" unicode="True">
      iconfont
    </namerecord>
    <namerecord nameID="2" platformID="1" platEncID="0" langID="0x0" unicode="True">
      Regular
    </namerecord>
    <namerecord nameID="3" platformID="1" platEncID="0" langID="0x0" unicode="True">
      iconfont
    </namerecord>
    <namerecord nameID="4" platformID="1" platEncID="0" langID="0x0" unicode="True">
      iconfont
    </namerecord>
    <namerecord nameID="5" platformID="1" platEncID="0" langID="0x0" unicode="True">
      Version 1.0
    </namerecord>
    <namerecord nameID="6" platformID="1" platEncID="0" langID="0x0" unicode="True">
      iconfont
    </namerecord>
    <namerecord nameID="10" platformID="1" platEncID="0" langID="0x0" unicode="True">
      Generated by svg2ttf from Fontello project.
    </namerecord>
    <namerecord nameID="11" platformID="1" platEncID="0" langID="0x0" unicode="True">
      http://fontello.com
    </namerecord>
    <namerecord nameID="0" platformID="3" platEncID="1" langID="0x409">
      
  Created by font-carrier
  
    </namerecord>
    <namerecord nameID="1" platformID="3" platEncID="1" langID="0x409">
      iconfont
    </namerecord>
    <namerecord nameID="2" platformID="3" platEncID="1" langID="0x409">
      Regular
    </namerecord>
    <namerecord nameID="3" platformID="3" platEncID="1" langID="0x409">
      iconfont
    </namerecord>
    <namerecord nameID="4" platformID="3" platEncID="1" langID="0x409">
      iconfont
    </namerecord>
    <namerecord nameID="5" platformID="3" platEncID="1" langID="0x409">
      Version 1.0
    </namerecord>
    <namerecord nameID="6" platformID="3" platEncID="1" langID="0x409">
      iconfont
    </namerecord>
    <namerecord nameID="10" platformID="3" platEncID="1" langID="0x409">
      Generated by svg2ttf from Fontello project.
    </namerecord>
    <namerecord nameID="11" platformID="3" platEncID="1" langID="0x409">
      http://fontello.com
    </namerecord>
  </name>

  <post>
    <formatType value="2.0"/>
    <italicAngle value="0.0"/>
    <underlinePosition value="10"/>
    <underlineThickness value="0"/>
    <isFixedPitch value="0"/>
    <minMemType42 value="0"/>
    <maxMemType42 value="0"/>
    <minMemType1 value="0"/>
    <maxMemType1 value="0"/>
    <psNames>
      <!-- This file uses unique glyph names based on the information
           found in the 'post' table. Since these names might not be unique,
           we have to invent artificial names in case of clashes. In order to
           be able to retain the original information, we need a name to
           ps name mapping for those cases where they differ. That's what
           you see below.
            -->
      <psName name="glyph00000" psName=""/>
    </psNames>
    <extraNames>
      <!-- following are the name that are not taken from the standard Mac glyph order -->
      <psName name=""/>
      <psName name="x"/>
      <psName name="uniF0A2"/>
      <psName name="uniE9F8"/>
      <psName name="uniF109"/>
      <psName name="uniF23E"/>
      <psName name="uniF65B"/>
      <psName name="uniEDE8"/>
      <psName name="uniED0F"/>
      <psName name="uniEA48"/>
      <psName name="uniF62E"/>
      <psName name="uniF7C1"/>
      <psName name=""/>
      <psName name=""/>
    </extraNames>
  </post>

  <GSUB>
    <Version value="0x00010000"/>
    <ScriptList>
      <!-- ScriptCount=1 -->
      <ScriptRecord index="0">
        <ScriptTag value="DFLT"/>
        <Script>
          <DefaultLangSys>
            <ReqFeatureIndex value="0"/>
            <!-- FeatureCount=1 -->
            <FeatureIndex index="0" value="0"/>
          </DefaultLangSys>
          <!-- LangSysCount=0 -->
        </Script>
      </ScriptRecord>
    </ScriptList>
    <FeatureList>
      <!-- FeatureCount=1 -->
      <FeatureRecord index="0">
        <FeatureTag value="liga"/>
        <Feature>
          <!-- LookupCount=1 -->
          <LookupListIndex index="0" value="0"/>
        </Feature>
      </FeatureRecord>
    </FeatureList>
    <LookupList>
      <!-- LookupCount=1 -->
      <Lookup index="0">
        <LookupType value="4"/>
        <LookupFlag value="0"/>
        <!-- SubTableCount=1 -->
        <LigatureSubst index="0" Format="1">
        </LigatureSubst>
      </Lookup>
    </LookupList>
  </GSUB>

</ttFont>
